V3	V4	V6	name	time
ftp://ftp.sra.ebi.ac.uk/vol1/run/ERR122/ERR12258952/MQ220906-01_S1_L001_R1_001.fastq.gz	MQ220906-01_S1_L001_R1_001.fastq.gz	MQ22090601	MQ22090601	T1
ftp://ftp.sra.ebi.ac.uk/vol1/run/ERR122/ERR12258952/MQ220906-01_S1_L001_R2_001.fastq.gz	MQ220906-01_S1_L001_R2_001.fastq.gz	MQ22090601	MQ22090601	T1
ftp://ftp.sra.ebi.ac.uk/vol1/run/ERR122/ERR12258954/MQ220906-148_S148_L001_R1_001.fastq.gz	MQ220906-148_S148_L001_R1_001.fastq.gz	MQ220906148	MQ220906148	T1
ftp://ftp.sra.ebi.ac.uk/vol1/run/ERR122/ERR12258954/MQ220906-148_S148_L001_R2_001.fastq.gz	MQ220906-148_S148_L001_R2_001.fastq.gz	MQ220906148	MQ220906148	T1
ftp://ftp.sra.ebi.ac.uk/vol1/run/ERR122/ERR12258958/MQ220906-149_S149_L001_R1_001.fastq.gz	MQ220906-149_S149_L001_R1_001.fastq.gz	MQ220906149	MQ220906149	T1
ftp://ftp.sra.ebi.ac.uk/vol1/run/ERR122/ERR12258958/MQ220906-149_S149_L001_R2_001.fastq.gz	MQ220906-149_S149_L001_R2_001.fastq.gz	MQ220906149	MQ220906149	T1
ftp://ftp.sra.ebi.ac.uk/vol1/run/ERR122/ERR12258961/MQ220906-151_S151_L001_R1_001.fastq.gz	MQ220906-151_S151_L001_R1_001.fastq.gz	MQ220906151	MQ220906151	T1
ftp://ftp.sra.ebi.ac.uk/vol1/run/ERR122/ERR12258961/MQ220906-151_S151_L001_R2_001.fastq.gz	MQ220906-151_S151_L001_R2_001.fastq.gz	MQ220906151	MQ220906151	T1
ftp://ftp.sra.ebi.ac.uk/vol1/run/ERR122/ERR12258963/MQ220906-07_S7_L001_R1_001.fastq.gz	MQ220906-07_S7_L001_R1_001.fastq.gz	MQ22090607	MQ22090607	T1
ftp://ftp.sra.ebi.ac.uk/vol1/run/ERR122/ERR12258963/MQ220906-07_S7_L001_R2_001.fastq.gz	MQ220906-07_S7_L001_R2_001.fastq.gz	MQ22090607	MQ22090607	T1
ftp://ftp.sra.ebi.ac.uk/vol1/run/ERR122/ERR12258964/MQ220906-153_S153_L001_R1_001.fastq.gz	MQ220906-153_S153_L001_R1_001.fastq.gz	MQ220906153	MQ220906153	T1
ftp://ftp.sra.ebi.ac.uk/vol1/run/ERR122/ERR12258964/MQ220906-153_S153_L001_R2_001.fastq.gz	MQ220906-153_S153_L001_R2_001.fastq.gz	MQ220906153	MQ220906153	T1
ftp://ftp.sra.ebi.ac.uk/vol1/run/ERR122/ERR12258965/MQ220906-154_S154_L001_R1_001.fastq.gz	MQ220906-154_S154_L001_R1_001.fastq.gz	MQ220906154	MQ220906154	T1
ftp://ftp.sra.ebi.ac.uk/vol1/run/ERR122/ERR12258965/MQ220906-154_S154_L001_R2_001.fastq.gz	MQ220906-154_S154_L001_R2_001.fastq.gz	MQ220906154	MQ220906154	T1
ftp://ftp.sra.ebi.ac.uk/vol1/run/ERR122/ERR12258968/MQ220906-156_S156_L001_R1_001.fastq.gz	MQ220906-156_S156_L001_R1_001.fastq.gz	MQ220906156	MQ220906156	T1
ftp://ftp.sra.ebi.ac.uk/vol1/run/ERR122/ERR12258968/MQ220906-156_S156_L001_R2_001.fastq.gz	MQ220906-156_S156_L001_R2_001.fastq.gz	MQ220906156	MQ220906156	T1
ftp://ftp.sra.ebi.ac.uk/vol1/run/ERR122/ERR12258972/MQ220906-12_S12_L001_R1_001.fastq.gz	MQ220906-12_S12_L001_R1_001.fastq.gz	MQ22090612	MQ22090612	T1
ftp://ftp.sra.ebi.ac.uk/vol1/run/ERR122/ERR12258972/MQ220906-12_S12_L001_R2_001.fastq.gz	MQ220906-12_S12_L001_R2_001.fastq.gz	MQ22090612	MQ22090612	T1
ftp://ftp.sra.ebi.ac.uk/vol1/run/ERR122/ERR12258974/MQ220906-157_S157_L001_R1_001.fastq.gz	MQ220906-157_S157_L001_R1_001.fastq.gz	MQ220906157	MQ220906157	T1
ftp://ftp.sra.ebi.ac.uk/vol1/run/ERR122/ERR12258974/MQ220906-157_S157_L001_R2_001.fastq.gz	MQ220906-157_S157_L001_R2_001.fastq.gz	MQ220906157	MQ220906157	T1
ftp://ftp.sra.ebi.ac.uk/vol1/run/ERR122/ERR12258975/MQ220906-14_S14_L001_R1_001.fastq.gz	MQ220906-14_S14_L001_R1_001.fastq.gz	MQ22090614	MQ22090614	T1
ftp://ftp.sra.ebi.ac.uk/vol1/run/ERR122/ERR12258975/MQ220906-14_S14_L001_R2_001.fastq.gz	MQ220906-14_S14_L001_R2_001.fastq.gz	MQ22090614	MQ22090614	T1
ftp://ftp.sra.ebi.ac.uk/vol1/run/ERR122/ERR12258976/MQ220906-15_S15_L001_R1_001.fastq.gz	MQ220906-15_S15_L001_R1_001.fastq.gz	MQ22090615	MQ22090615	T1
ftp://ftp.sra.ebi.ac.uk/vol1/run/ERR122/ERR12258976/MQ220906-15_S15_L001_R2_001.fastq.gz	MQ220906-15_S15_L001_R2_001.fastq.gz	MQ22090615	MQ22090615	T1
ftp://ftp.sra.ebi.ac.uk/vol1/run/ERR122/ERR12258978/MQ220906-158_S158_L001_R1_001.fastq.gz	MQ220906-158_S158_L001_R1_001.fastq.gz	MQ220906158	MQ220906158	T1
ftp://ftp.sra.ebi.ac.uk/vol1/run/ERR122/ERR12258978/MQ220906-158_S158_L001_R2_001.fastq.gz	MQ220906-158_S158_L001_R2_001.fastq.gz	MQ220906158	MQ220906158	T1
ftp://ftp.sra.ebi.ac.uk/vol1/run/ERR122/ERR12258979/MQ220906-17_S17_L001_R1_001.fastq.gz	MQ220906-17_S17_L001_R1_001.fastq.gz	MQ22090617	MQ22090617	T1
ftp://ftp.sra.ebi.ac.uk/vol1/run/ERR122/ERR12258979/MQ220906-17_S17_L001_R2_001.fastq.gz	MQ220906-17_S17_L001_R2_001.fastq.gz	MQ22090617	MQ22090617	T1
ftp://ftp.sra.ebi.ac.uk/vol1/run/ERR122/ERR12258982/MQ220906-20_S20_L001_R1_001.fastq.gz	MQ220906-20_S20_L001_R1_001.fastq.gz	MQ22090620	MQ22090620	T1
ftp://ftp.sra.ebi.ac.uk/vol1/run/ERR122/ERR12258982/MQ220906-20_S20_L001_R2_001.fastq.gz	MQ220906-20_S20_L001_R2_001.fastq.gz	MQ22090620	MQ22090620	T1
ftp://ftp.sra.ebi.ac.uk/vol1/run/ERR122/ERR12258983/MQ220906-21_S21_L001_R1_001.fastq.gz	MQ220906-21_S21_L001_R1_001.fastq.gz	MQ22090621	MQ22090621	T1
ftp://ftp.sra.ebi.ac.uk/vol1/run/ERR122/ERR12258983/MQ220906-21_S21_L001_R2_001.fastq.gz	MQ220906-21_S21_L001_R2_001.fastq.gz	MQ22090621	MQ22090621	T1
ftp://ftp.sra.ebi.ac.uk/vol1/run/ERR122/ERR12258986/MQ220906-159_S159_L001_R1_001.fastq.gz	MQ220906-159_S159_L001_R1_001.fastq.gz	MQ220906159	MQ220906159	T1
ftp://ftp.sra.ebi.ac.uk/vol1/run/ERR122/ERR12258986/MQ220906-159_S159_L001_R2_001.fastq.gz	MQ220906-159_S159_L001_R2_001.fastq.gz	MQ220906159	MQ220906159	T1
ftp://ftp.sra.ebi.ac.uk/vol1/run/ERR122/ERR12258987/MQ220906-24_S24_L001_R1_001.fastq.gz	MQ220906-24_S24_L001_R1_001.fastq.gz	MQ22090624	MQ22090624	T1
ftp://ftp.sra.ebi.ac.uk/vol1/run/ERR122/ERR12258987/MQ220906-24_S24_L001_R2_001.fastq.gz	MQ220906-24_S24_L001_R2_001.fastq.gz	MQ22090624	MQ22090624	T1
ftp://ftp.sra.ebi.ac.uk/vol1/run/ERR122/ERR12258988/MQ220906-25_S25_L001_R1_001.fastq.gz	MQ220906-25_S25_L001_R1_001.fastq.gz	MQ22090625	MQ22090625	T1
ftp://ftp.sra.ebi.ac.uk/vol1/run/ERR122/ERR12258988/MQ220906-25_S25_L001_R2_001.fastq.gz	MQ220906-25_S25_L001_R2_001.fastq.gz	MQ22090625	MQ22090625	T1
ftp://ftp.sra.ebi.ac.uk/vol1/run/ERR122/ERR12258989/MQ220906-26_S26_L001_R1_001.fastq.gz	MQ220906-26_S26_L001_R1_001.fastq.gz	MQ22090626	MQ22090626	T1
ftp://ftp.sra.ebi.ac.uk/vol1/run/ERR122/ERR12258989/MQ220906-26_S26_L001_R2_001.fastq.gz	MQ220906-26_S26_L001_R2_001.fastq.gz	MQ22090626	MQ22090626	T1
ftp://ftp.sra.ebi.ac.uk/vol1/run/ERR122/ERR12258990/MQ220906-27_S27_L001_R1_001.fastq.gz	MQ220906-27_S27_L001_R1_001.fastq.gz	MQ22090627	MQ22090627	T1
ftp://ftp.sra.ebi.ac.uk/vol1/run/ERR122/ERR12258990/MQ220906-27_S27_L001_R2_001.fastq.gz	MQ220906-27_S27_L001_R2_001.fastq.gz	MQ22090627	MQ22090627	T1
ftp://ftp.sra.ebi.ac.uk/vol1/run/ERR122/ERR12258992/MQ220906-29_S29_L001_R1_001.fastq.gz	MQ220906-29_S29_L001_R1_001.fastq.gz	MQ22090629	MQ22090629	T1
ftp://ftp.sra.ebi.ac.uk/vol1/run/ERR122/ERR12258992/MQ220906-29_S29_L001_R2_001.fastq.gz	MQ220906-29_S29_L001_R2_001.fastq.gz	MQ22090629	MQ22090629	T1
ftp://ftp.sra.ebi.ac.uk/vol1/run/ERR122/ERR12258993/MQ220906-30_S30_L001_R1_001.fastq.gz	MQ220906-30_S30_L001_R1_001.fastq.gz	MQ22090630	MQ22090630	T1
ftp://ftp.sra.ebi.ac.uk/vol1/run/ERR122/ERR12258993/MQ220906-30_S30_L001_R2_001.fastq.gz	MQ220906-30_S30_L001_R2_001.fastq.gz	MQ22090630	MQ22090630	T1
ftp://ftp.sra.ebi.ac.uk/vol1/run/ERR122/ERR12258996/MQ220906-160_S160_L001_R1_001.fastq.gz	MQ220906-160_S160_L001_R1_001.fastq.gz	MQ220906160	MQ220906160	T1
ftp://ftp.sra.ebi.ac.uk/vol1/run/ERR122/ERR12258996/MQ220906-160_S160_L001_R2_001.fastq.gz	MQ220906-160_S160_L001_R2_001.fastq.gz	MQ220906160	MQ220906160	T1
ftp://ftp.sra.ebi.ac.uk/vol1/run/ERR122/ERR12258997/MQ220906-33_S33_L001_R1_001.fastq.gz	MQ220906-33_S33_L001_R1_001.fastq.gz	MQ22090633	MQ22090633	T1
ftp://ftp.sra.ebi.ac.uk/vol1/run/ERR122/ERR12258997/MQ220906-33_S33_L001_R2_001.fastq.gz	MQ220906-33_S33_L001_R2_001.fastq.gz	MQ22090633	MQ22090633	T1
ftp://ftp.sra.ebi.ac.uk/vol1/run/ERR122/ERR12259001/MQ220906-36_S36_L001_R1_001.fastq.gz	MQ220906-36_S36_L001_R1_001.fastq.gz	MQ22090636	MQ22090636	T1
ftp://ftp.sra.ebi.ac.uk/vol1/run/ERR122/ERR12259001/MQ220906-36_S36_L001_R2_001.fastq.gz	MQ220906-36_S36_L001_R2_001.fastq.gz	MQ22090636	MQ22090636	T1
ftp://ftp.sra.ebi.ac.uk/vol1/run/ERR122/ERR12259002/MQ220906-37_S37_L001_R1_001.fastq.gz	MQ220906-37_S37_L001_R1_001.fastq.gz	MQ22090637	MQ22090637	T1
ftp://ftp.sra.ebi.ac.uk/vol1/run/ERR122/ERR12259002/MQ220906-37_S37_L001_R2_001.fastq.gz	MQ220906-37_S37_L001_R2_001.fastq.gz	MQ22090637	MQ22090637	T1
ftp://ftp.sra.ebi.ac.uk/vol1/run/ERR122/ERR12259006/MQ220906-40_S40_L001_R1_001.fastq.gz	MQ220906-40_S40_L001_R1_001.fastq.gz	MQ22090640	MQ22090640	T1
ftp://ftp.sra.ebi.ac.uk/vol1/run/ERR122/ERR12259006/MQ220906-40_S40_L001_R2_001.fastq.gz	MQ220906-40_S40_L001_R2_001.fastq.gz	MQ22090640	MQ22090640	T1
ftp://ftp.sra.ebi.ac.uk/vol1/run/ERR122/ERR12259007/MQ220906-41_S41_L001_R1_001.fastq.gz	MQ220906-41_S41_L001_R1_001.fastq.gz	MQ22090641	MQ22090641	T1
ftp://ftp.sra.ebi.ac.uk/vol1/run/ERR122/ERR12259007/MQ220906-41_S41_L001_R2_001.fastq.gz	MQ220906-41_S41_L001_R2_001.fastq.gz	MQ22090641	MQ22090641	T1
ftp://ftp.sra.ebi.ac.uk/vol1/run/ERR122/ERR12259010/MQ220906-44_S44_L001_R1_001.fastq.gz	MQ220906-44_S44_L001_R1_001.fastq.gz	MQ22090644	MQ22090644	T1
ftp://ftp.sra.ebi.ac.uk/vol1/run/ERR122/ERR12259010/MQ220906-44_S44_L001_R2_001.fastq.gz	MQ220906-44_S44_L001_R2_001.fastq.gz	MQ22090644	MQ22090644	T1
ftp://ftp.sra.ebi.ac.uk/vol1/run/ERR122/ERR12259011/MQ220906-45_S45_L001_R1_001.fastq.gz	MQ220906-45_S45_L001_R1_001.fastq.gz	MQ22090645	MQ22090645	T1
ftp://ftp.sra.ebi.ac.uk/vol1/run/ERR122/ERR12259011/MQ220906-45_S45_L001_R2_001.fastq.gz	MQ220906-45_S45_L001_R2_001.fastq.gz	MQ22090645	MQ22090645	T1
ftp://ftp.sra.ebi.ac.uk/vol1/run/ERR122/ERR12259017/MQ220906-50_S50_L001_R1_001.fastq.gz	MQ220906-50_S50_L001_R1_001.fastq.gz	MQ22090650	MQ22090650	T1
ftp://ftp.sra.ebi.ac.uk/vol1/run/ERR122/ERR12259017/MQ220906-50_S50_L001_R2_001.fastq.gz	MQ220906-50_S50_L001_R2_001.fastq.gz	MQ22090650	MQ22090650	T1
ftp://ftp.sra.ebi.ac.uk/vol1/run/ERR122/ERR12259018/MQ220906-51_S51_L001_R1_001.fastq.gz	MQ220906-51_S51_L001_R1_001.fastq.gz	MQ22090651	MQ22090651	T1
ftp://ftp.sra.ebi.ac.uk/vol1/run/ERR122/ERR12259018/MQ220906-51_S51_L001_R2_001.fastq.gz	MQ220906-51_S51_L001_R2_001.fastq.gz	MQ22090651	MQ22090651	T1
ftp://ftp.sra.ebi.ac.uk/vol1/run/ERR122/ERR12259022/MQ220906-55_S55_L001_R1_001.fastq.gz	MQ220906-55_S55_L001_R1_001.fastq.gz	MQ22090655	MQ22090655	T1
ftp://ftp.sra.ebi.ac.uk/vol1/run/ERR122/ERR12259022/MQ220906-55_S55_L001_R2_001.fastq.gz	MQ220906-55_S55_L001_R2_001.fastq.gz	MQ22090655	MQ22090655	T1
ftp://ftp.sra.ebi.ac.uk/vol1/run/ERR122/ERR12259024/MQ220906-57_S57_L001_R1_001.fastq.gz	MQ220906-57_S57_L001_R1_001.fastq.gz	MQ22090657	MQ22090657	T1
ftp://ftp.sra.ebi.ac.uk/vol1/run/ERR122/ERR12259024/MQ220906-57_S57_L001_R2_001.fastq.gz	MQ220906-57_S57_L001_R2_001.fastq.gz	MQ22090657	MQ22090657	T1
ftp://ftp.sra.ebi.ac.uk/vol1/run/ERR122/ERR12259026/MQ220906-59_S59_L001_R1_001.fastq.gz	MQ220906-59_S59_L001_R1_001.fastq.gz	MQ22090659	MQ22090659	T1
ftp://ftp.sra.ebi.ac.uk/vol1/run/ERR122/ERR12259026/MQ220906-59_S59_L001_R2_001.fastq.gz	MQ220906-59_S59_L001_R2_001.fastq.gz	MQ22090659	MQ22090659	T1
ftp://ftp.sra.ebi.ac.uk/vol1/run/ERR122/ERR12259028/MQ220906-60_S60_L001_R1_001.fastq.gz	MQ220906-60_S60_L001_R1_001.fastq.gz	MQ22090660	MQ22090660	T1
ftp://ftp.sra.ebi.ac.uk/vol1/run/ERR122/ERR12259028/MQ220906-60_S60_L001_R2_001.fastq.gz	MQ220906-60_S60_L001_R2_001.fastq.gz	MQ22090660	MQ22090660	T1
ftp://ftp.sra.ebi.ac.uk/vol1/run/ERR122/ERR12259029/MQ220906-61_S61_L001_R1_001.fastq.gz	MQ220906-61_S61_L001_R1_001.fastq.gz	MQ22090661	MQ22090661	T1
ftp://ftp.sra.ebi.ac.uk/vol1/run/ERR122/ERR12259029/MQ220906-61_S61_L001_R2_001.fastq.gz	MQ220906-61_S61_L001_R2_001.fastq.gz	MQ22090661	MQ22090661	T1
ftp://ftp.sra.ebi.ac.uk/vol1/run/ERR122/ERR12259031/MQ220906-63_S63_L001_R1_001.fastq.gz	MQ220906-63_S63_L001_R1_001.fastq.gz	MQ22090663	MQ22090663	T2
ftp://ftp.sra.ebi.ac.uk/vol1/run/ERR122/ERR12259031/MQ220906-63_S63_L001_R2_001.fastq.gz	MQ220906-63_S63_L001_R2_001.fastq.gz	MQ22090663	MQ22090663	T2
ftp://ftp.sra.ebi.ac.uk/vol1/run/ERR122/ERR12259033/MQ220906-65_S65_L001_R1_001.fastq.gz	MQ220906-65_S65_L001_R1_001.fastq.gz	MQ22090665	MQ22090665	T2
ftp://ftp.sra.ebi.ac.uk/vol1/run/ERR122/ERR12259033/MQ220906-65_S65_L001_R2_001.fastq.gz	MQ220906-65_S65_L001_R2_001.fastq.gz	MQ22090665	MQ22090665	T2
ftp://ftp.sra.ebi.ac.uk/vol1/run/ERR122/ERR12259037/MQ220906-69_S69_L001_R1_001.fastq.gz	MQ220906-69_S69_L001_R1_001.fastq.gz	MQ22090669	MQ22090669	T2
ftp://ftp.sra.ebi.ac.uk/vol1/run/ERR122/ERR12259037/MQ220906-69_S69_L001_R2_001.fastq.gz	MQ220906-69_S69_L001_R2_001.fastq.gz	MQ22090669	MQ22090669	T2
ftp://ftp.sra.ebi.ac.uk/vol1/run/ERR122/ERR12259040/MQ220906-72_S72_L001_R1_001.fastq.gz	MQ220906-72_S72_L001_R1_001.fastq.gz	MQ22090672	MQ22090672	T2
ftp://ftp.sra.ebi.ac.uk/vol1/run/ERR122/ERR12259040/MQ220906-72_S72_L001_R2_001.fastq.gz	MQ220906-72_S72_L001_R2_001.fastq.gz	MQ22090672	MQ22090672	T2
ftp://ftp.sra.ebi.ac.uk/vol1/run/ERR122/ERR12259042/MQ220906-74_S74_L001_R1_001.fastq.gz	MQ220906-74_S74_L001_R1_001.fastq.gz	MQ22090674	MQ22090674	T2
ftp://ftp.sra.ebi.ac.uk/vol1/run/ERR122/ERR12259042/MQ220906-74_S74_L001_R2_001.fastq.gz	MQ220906-74_S74_L001_R2_001.fastq.gz	MQ22090674	MQ22090674	T2
ftp://ftp.sra.ebi.ac.uk/vol1/run/ERR122/ERR12259043/MQ220906-75_S75_L001_R1_001.fastq.gz	MQ220906-75_S75_L001_R1_001.fastq.gz	MQ22090675	MQ22090675	T2
ftp://ftp.sra.ebi.ac.uk/vol1/run/ERR122/ERR12259043/MQ220906-75_S75_L001_R2_001.fastq.gz	MQ220906-75_S75_L001_R2_001.fastq.gz	MQ22090675	MQ22090675	T2
ftp://ftp.sra.ebi.ac.uk/vol1/run/ERR122/ERR12259044/MQ220906-78_S78_L001_R1_001.fastq.gz	MQ220906-78_S78_L001_R1_001.fastq.gz	MQ22090678	MQ22090678	T2
ftp://ftp.sra.ebi.ac.uk/vol1/run/ERR122/ERR12259044/MQ220906-78_S78_L001_R2_001.fastq.gz	MQ220906-78_S78_L001_R2_001.fastq.gz	MQ22090678	MQ22090678	T2
ftp://ftp.sra.ebi.ac.uk/vol1/run/ERR122/ERR12259047/MQ220906-82_S82_L001_R1_001.fastq.gz	MQ220906-82_S82_L001_R1_001.fastq.gz	MQ22090682	MQ22090682	T2
ftp://ftp.sra.ebi.ac.uk/vol1/run/ERR122/ERR12259047/MQ220906-82_S82_L001_R2_001.fastq.gz	MQ220906-82_S82_L001_R2_001.fastq.gz	MQ22090682	MQ22090682	T2
ftp://ftp.sra.ebi.ac.uk/vol1/run/ERR122/ERR12259048/MQ220906-83_S83_L001_R1_001.fastq.gz	MQ220906-83_S83_L001_R1_001.fastq.gz	MQ22090683	MQ22090683	T2
ftp://ftp.sra.ebi.ac.uk/vol1/run/ERR122/ERR12259048/MQ220906-83_S83_L001_R2_001.fastq.gz	MQ220906-83_S83_L001_R2_001.fastq.gz	MQ22090683	MQ22090683	T2
ftp://ftp.sra.ebi.ac.uk/vol1/run/ERR122/ERR12259051/MQ220906-86_S86_L001_R1_001.fastq.gz	MQ220906-86_S86_L001_R1_001.fastq.gz	MQ22090686	MQ22090686	T2
ftp://ftp.sra.ebi.ac.uk/vol1/run/ERR122/ERR12259051/MQ220906-86_S86_L001_R2_001.fastq.gz	MQ220906-86_S86_L001_R2_001.fastq.gz	MQ22090686	MQ22090686	T2
ftp://ftp.sra.ebi.ac.uk/vol1/run/ERR122/ERR12259053/MQ220906-88_S88_L001_R1_001.fastq.gz	MQ220906-88_S88_L001_R1_001.fastq.gz	MQ22090688	MQ22090688	T2
ftp://ftp.sra.ebi.ac.uk/vol1/run/ERR122/ERR12259053/MQ220906-88_S88_L001_R2_001.fastq.gz	MQ220906-88_S88_L001_R2_001.fastq.gz	MQ22090688	MQ22090688	T2
ftp://ftp.sra.ebi.ac.uk/vol1/run/ERR122/ERR12259054/MQ220906-89_S89_L001_R1_001.fastq.gz	MQ220906-89_S89_L001_R1_001.fastq.gz	MQ22090689	MQ22090689	T2
ftp://ftp.sra.ebi.ac.uk/vol1/run/ERR122/ERR12259054/MQ220906-89_S89_L001_R2_001.fastq.gz	MQ220906-89_S89_L001_R2_001.fastq.gz	MQ22090689	MQ22090689	T2
ftp://ftp.sra.ebi.ac.uk/vol1/run/ERR122/ERR12259055/MQ220906-90_S90_L001_R1_001.fastq.gz	MQ220906-90_S90_L001_R1_001.fastq.gz	MQ22090690	MQ22090690	T2
ftp://ftp.sra.ebi.ac.uk/vol1/run/ERR122/ERR12259055/MQ220906-90_S90_L001_R2_001.fastq.gz	MQ220906-90_S90_L001_R2_001.fastq.gz	MQ22090690	MQ22090690	T2
ftp://ftp.sra.ebi.ac.uk/vol1/run/ERR122/ERR12259057/MQ220906-92_S92_L001_R1_001.fastq.gz	MQ220906-92_S92_L001_R1_001.fastq.gz	MQ22090692	MQ22090692	T2
ftp://ftp.sra.ebi.ac.uk/vol1/run/ERR122/ERR12259057/MQ220906-92_S92_L001_R2_001.fastq.gz	MQ220906-92_S92_L001_R2_001.fastq.gz	MQ22090692	MQ22090692	T2
ftp://ftp.sra.ebi.ac.uk/vol1/run/ERR122/ERR12259058/MQ220906-93_S93_L001_R1_001.fastq.gz	MQ220906-93_S93_L001_R1_001.fastq.gz	MQ22090693	MQ22090693	T2
ftp://ftp.sra.ebi.ac.uk/vol1/run/ERR122/ERR12259058/MQ220906-93_S93_L001_R2_001.fastq.gz	MQ220906-93_S93_L001_R2_001.fastq.gz	MQ22090693	MQ22090693	T2
ftp://ftp.sra.ebi.ac.uk/vol1/run/ERR122/ERR12259061/MQ220906-96_S96_L001_R1_001.fastq.gz	MQ220906-96_S96_L001_R1_001.fastq.gz	MQ22090696	MQ22090696	T2
ftp://ftp.sra.ebi.ac.uk/vol1/run/ERR122/ERR12259061/MQ220906-96_S96_L001_R2_001.fastq.gz	MQ220906-96_S96_L001_R2_001.fastq.gz	MQ22090696	MQ22090696	T2
ftp://ftp.sra.ebi.ac.uk/vol1/run/ERR122/ERR12259062/MQ220906-97_S97_L001_R1_001.fastq.gz	MQ220906-97_S97_L001_R1_001.fastq.gz	MQ22090697	MQ22090697	T2
ftp://ftp.sra.ebi.ac.uk/vol1/run/ERR122/ERR12259062/MQ220906-97_S97_L001_R2_001.fastq.gz	MQ220906-97_S97_L001_R2_001.fastq.gz	MQ22090697	MQ22090697	T2
ftp://ftp.sra.ebi.ac.uk/vol1/run/ERR122/ERR12259065/MQ220906-100_S100_L001_R1_001.fastq.gz	MQ220906-100_S100_L001_R1_001.fastq.gz	MQ220906100	MQ220906100	T2
ftp://ftp.sra.ebi.ac.uk/vol1/run/ERR122/ERR12259065/MQ220906-100_S100_L001_R2_001.fastq.gz	MQ220906-100_S100_L001_R2_001.fastq.gz	MQ220906100	MQ220906100	T2
ftp://ftp.sra.ebi.ac.uk/vol1/run/ERR122/ERR12259066/MQ220906-101_S101_L001_R1_001.fastq.gz	MQ220906-101_S101_L001_R1_001.fastq.gz	MQ220906101	MQ220906101	T2
ftp://ftp.sra.ebi.ac.uk/vol1/run/ERR122/ERR12259066/MQ220906-101_S101_L001_R2_001.fastq.gz	MQ220906-101_S101_L001_R2_001.fastq.gz	MQ220906101	MQ220906101	T2
ftp://ftp.sra.ebi.ac.uk/vol1/run/ERR122/ERR12259067/MQ220906-102_S102_L001_R1_001.fastq.gz	MQ220906-102_S102_L001_R1_001.fastq.gz	MQ220906102	MQ220906102	T2
ftp://ftp.sra.ebi.ac.uk/vol1/run/ERR122/ERR12259067/MQ220906-102_S102_L001_R2_001.fastq.gz	MQ220906-102_S102_L001_R2_001.fastq.gz	MQ220906102	MQ220906102	T2
ftp://ftp.sra.ebi.ac.uk/vol1/run/ERR122/ERR12259068/MQ220906-103_S103_L001_R1_001.fastq.gz	MQ220906-103_S103_L001_R1_001.fastq.gz	MQ220906103	MQ220906103	T2
ftp://ftp.sra.ebi.ac.uk/vol1/run/ERR122/ERR12259068/MQ220906-103_S103_L001_R2_001.fastq.gz	MQ220906-103_S103_L001_R2_001.fastq.gz	MQ220906103	MQ220906103	T2
ftp://ftp.sra.ebi.ac.uk/vol1/run/ERR122/ERR12259069/MQ220906-104_S104_L001_R1_001.fastq.gz	MQ220906-104_S104_L001_R1_001.fastq.gz	MQ220906104	MQ220906104	T2
ftp://ftp.sra.ebi.ac.uk/vol1/run/ERR122/ERR12259069/MQ220906-104_S104_L001_R2_001.fastq.gz	MQ220906-104_S104_L001_R2_001.fastq.gz	MQ220906104	MQ220906104	T2
ftp://ftp.sra.ebi.ac.uk/vol1/run/ERR122/ERR12259071/MQ220906-106_S106_L001_R1_001.fastq.gz	MQ220906-106_S106_L001_R1_001.fastq.gz	MQ220906106	MQ220906106	T2
ftp://ftp.sra.ebi.ac.uk/vol1/run/ERR122/ERR12259071/MQ220906-106_S106_L001_R2_001.fastq.gz	MQ220906-106_S106_L001_R2_001.fastq.gz	MQ220906106	MQ220906106	T2
ftp://ftp.sra.ebi.ac.uk/vol1/run/ERR122/ERR12259072/MQ220906-107_S107_L001_R1_001.fastq.gz	MQ220906-107_S107_L001_R1_001.fastq.gz	MQ220906107	MQ220906107	T2
ftp://ftp.sra.ebi.ac.uk/vol1/run/ERR122/ERR12259072/MQ220906-107_S107_L001_R2_001.fastq.gz	MQ220906-107_S107_L001_R2_001.fastq.gz	MQ220906107	MQ220906107	T2
ftp://ftp.sra.ebi.ac.uk/vol1/run/ERR122/ERR12259075/MQ220906-110_S110_L001_R1_001.fastq.gz	MQ220906-110_S110_L001_R1_001.fastq.gz	MQ220906110	MQ220906110	T2
ftp://ftp.sra.ebi.ac.uk/vol1/run/ERR122/ERR12259075/MQ220906-110_S110_L001_R2_001.fastq.gz	MQ220906-110_S110_L001_R2_001.fastq.gz	MQ220906110	MQ220906110	T2
ftp://ftp.sra.ebi.ac.uk/vol1/run/ERR122/ERR12259076/MQ220906-111_S111_L001_R1_001.fastq.gz	MQ220906-111_S111_L001_R1_001.fastq.gz	MQ220906111	MQ220906111	T2
ftp://ftp.sra.ebi.ac.uk/vol1/run/ERR122/ERR12259076/MQ220906-111_S111_L001_R2_001.fastq.gz	MQ220906-111_S111_L001_R2_001.fastq.gz	MQ220906111	MQ220906111	T2
ftp://ftp.sra.ebi.ac.uk/vol1/run/ERR122/ERR12259080/MQ220906-115_S115_L001_R1_001.fastq.gz	MQ220906-115_S115_L001_R1_001.fastq.gz	MQ220906115	MQ220906115	T2
ftp://ftp.sra.ebi.ac.uk/vol1/run/ERR122/ERR12259080/MQ220906-115_S115_L001_R2_001.fastq.gz	MQ220906-115_S115_L001_R2_001.fastq.gz	MQ220906115	MQ220906115	T2
ftp://ftp.sra.ebi.ac.uk/vol1/run/ERR122/ERR12259081/MQ220906-116_S116_L001_R1_001.fastq.gz	MQ220906-116_S116_L001_R1_001.fastq.gz	MQ220906116	MQ220906116	T2
ftp://ftp.sra.ebi.ac.uk/vol1/run/ERR122/ERR12259081/MQ220906-116_S116_L001_R2_001.fastq.gz	MQ220906-116_S116_L001_R2_001.fastq.gz	MQ220906116	MQ220906116	T2
ftp://ftp.sra.ebi.ac.uk/vol1/run/ERR122/ERR12259084/MQ220906-119_S119_L001_R1_001.fastq.gz	MQ220906-119_S119_L001_R1_001.fastq.gz	MQ220906119	MQ220906119	T2
ftp://ftp.sra.ebi.ac.uk/vol1/run/ERR122/ERR12259084/MQ220906-119_S119_L001_R2_001.fastq.gz	MQ220906-119_S119_L001_R2_001.fastq.gz	MQ220906119	MQ220906119	T2
ftp://ftp.sra.ebi.ac.uk/vol1/run/ERR122/ERR12259086/MQ220906-121_S121_L001_R1_001.fastq.gz	MQ220906-121_S121_L001_R1_001.fastq.gz	MQ220906121	MQ220906121	T2
ftp://ftp.sra.ebi.ac.uk/vol1/run/ERR122/ERR12259086/MQ220906-121_S121_L001_R2_001.fastq.gz	MQ220906-121_S121_L001_R2_001.fastq.gz	MQ220906121	MQ220906121	T2
ftp://ftp.sra.ebi.ac.uk/vol1/run/ERR122/ERR12259087/MQ220906-122_S122_L001_R1_001.fastq.gz	MQ220906-122_S122_L001_R1_001.fastq.gz	MQ220906122	MQ220906122	T2
ftp://ftp.sra.ebi.ac.uk/vol1/run/ERR122/ERR12259087/MQ220906-122_S122_L001_R2_001.fastq.gz	MQ220906-122_S122_L001_R2_001.fastq.gz	MQ220906122	MQ220906122	T2
ftp://ftp.sra.ebi.ac.uk/vol1/run/ERR122/ERR12259090/MQ220906-125_S125_L001_R1_001.fastq.gz	MQ220906-125_S125_L001_R1_001.fastq.gz	MQ220906125	MQ220906125	T2
ftp://ftp.sra.ebi.ac.uk/vol1/run/ERR122/ERR12259090/MQ220906-125_S125_L001_R2_001.fastq.gz	MQ220906-125_S125_L001_R2_001.fastq.gz	MQ220906125	MQ220906125	T2
ftp://ftp.sra.ebi.ac.uk/vol1/run/ERR122/ERR12259091/MQ220906-126_S126_L001_R1_001.fastq.gz	MQ220906-126_S126_L001_R1_001.fastq.gz	MQ220906126	MQ220906126	T2
ftp://ftp.sra.ebi.ac.uk/vol1/run/ERR122/ERR12259091/MQ220906-126_S126_L001_R2_001.fastq.gz	MQ220906-126_S126_L001_R2_001.fastq.gz	MQ220906126	MQ220906126	T2
ftp://ftp.sra.ebi.ac.uk/vol1/run/ERR122/ERR12259097/MQ220906-133_S133_L001_R1_001.fastq.gz	MQ220906-133_S133_L001_R1_001.fastq.gz	MQ220906133	MQ220906133	T2
ftp://ftp.sra.ebi.ac.uk/vol1/run/ERR122/ERR12259097/MQ220906-133_S133_L001_R2_001.fastq.gz	MQ220906-133_S133_L001_R2_001.fastq.gz	MQ220906133	MQ220906133	T2
ftp://ftp.sra.ebi.ac.uk/vol1/run/ERR122/ERR12259098/MQ220906-134_S134_L001_R1_001.fastq.gz	MQ220906-134_S134_L001_R1_001.fastq.gz	MQ220906134	MQ220906134	T2
ftp://ftp.sra.ebi.ac.uk/vol1/run/ERR122/ERR12259098/MQ220906-134_S134_L001_R2_001.fastq.gz	MQ220906-134_S134_L001_R2_001.fastq.gz	MQ220906134	MQ220906134	T2
ftp://ftp.sra.ebi.ac.uk/vol1/run/ERR122/ERR12259102/MQ220906-138_S138_L001_R1_001.fastq.gz	MQ220906-138_S138_L001_R1_001.fastq.gz	MQ220906138	MQ220906138	T2
ftp://ftp.sra.ebi.ac.uk/vol1/run/ERR122/ERR12259102/MQ220906-138_S138_L001_R2_001.fastq.gz	MQ220906-138_S138_L001_R2_001.fastq.gz	MQ220906138	MQ220906138	T2
ftp://ftp.sra.ebi.ac.uk/vol1/run/ERR122/ERR12259104/MQ220906-140_S140_L001_R1_001.fastq.gz	MQ220906-140_S140_L001_R1_001.fastq.gz	MQ220906140	MQ220906140	T2
ftp://ftp.sra.ebi.ac.uk/vol1/run/ERR122/ERR12259104/MQ220906-140_S140_L001_R2_001.fastq.gz	MQ220906-140_S140_L001_R2_001.fastq.gz	MQ220906140	MQ220906140	T2
ftp://ftp.sra.ebi.ac.uk/vol1/run/ERR122/ERR12259106/MQ220906-142_S142_L001_R1_001.fastq.gz	MQ220906-142_S142_L001_R1_001.fastq.gz	MQ220906142	MQ220906142	T2
ftp://ftp.sra.ebi.ac.uk/vol1/run/ERR122/ERR12259106/MQ220906-142_S142_L001_R2_001.fastq.gz	MQ220906-142_S142_L001_R2_001.fastq.gz	MQ220906142	MQ220906142	T2
ftp://ftp.sra.ebi.ac.uk/vol1/run/ERR122/ERR12259108/MQ220906-144_S144_L001_R1_001.fastq.gz	MQ220906-144_S144_L001_R1_001.fastq.gz	MQ220906144	MQ220906144	T2
ftp://ftp.sra.ebi.ac.uk/vol1/run/ERR122/ERR12259108/MQ220906-144_S144_L001_R2_001.fastq.gz	MQ220906-144_S144_L001_R2_001.fastq.gz	MQ220906144	MQ220906144	T2
ftp://ftp.sra.ebi.ac.uk/vol1/run/ERR122/ERR12259109/MQ220906-145_S145_L001_R1_001.fastq.gz	MQ220906-145_S145_L001_R1_001.fastq.gz	MQ220906145	MQ220906145	T2
ftp://ftp.sra.ebi.ac.uk/vol1/run/ERR122/ERR12259109/MQ220906-145_S145_L001_R2_001.fastq.gz	MQ220906-145_S145_L001_R2_001.fastq.gz	MQ220906145	MQ220906145	T2
ftp://ftp.sra.ebi.ac.uk/vol1/run/ERR122/ERR12259111/MQ220906-147_S147_L001_R1_001.fastq.gz	MQ220906-147_S147_L001_R1_001.fastq.gz	MQ220906147	MQ220906147	T3
ftp://ftp.sra.ebi.ac.uk/vol1/run/ERR122/ERR12259111/MQ220906-147_S147_L001_R2_001.fastq.gz	MQ220906-147_S147_L001_R2_001.fastq.gz	MQ220906147	MQ220906147	T3
NA	NA	NA	8100FL240302	T3
NA	NA	NA	8100FL240305	T3
NA	NA	NA	8100FL240308	T3
NA	NA	NA	8100FL240310	T3
NA	NA	NA	8100FL240311	T3
NA	NA	NA	8100FL240312	T3
NA	NA	NA	8100FL240402	T3
NA	NA	NA	8100FL240315	T3
NA	NA	NA	8100FL240318	T3
NA	NA	NA	8100FL240403	T3
NA	NA	NA	8100FL240322	T3
NA	NA	NA	8100FL240323	T3
NA	NA	NA	8100FL240325	T3
NA	NA	NA	8100FL240326	T3
NA	NA	NA	8100FL240328	T3
NA	NA	NA	8100FL240406	T3
NA	NA	NA	8100FL240331	T3
NA	NA	NA	8100FL240332	T3
NA	NA	NA	8100FL240333	T3
NA	NA	NA	8100FL240334	T3
NA	NA	NA	8100FL240335	T3
NA	NA	NA	8100FL240337	T3
NA	NA	NA	8100FL240407	T3
NA	NA	NA	8100FL240408	T3
NA	NA	NA	8100FL240340	T3
NA	NA	NA	8100FL240343	T3
NA	NA	NA	8100FL240410	T3
NA	NA	NA	8100FL240345	T3
NA	NA	NA	8100FL240347	T3
NA	NA	NA	8100FL240348	T3
NA	NA	NA	8100FL240350	T3
NA	NA	NA	8100FL240351	T3
NA	NA	NA	8100FL240357	T3
NA	NA	NA	8100FL240358	T3
NA	NA	NA	8100FL240362	T3
NA	NA	NA	8100FL240364	T3
NA	NA	NA	8100FL240365	T3
NA	NA	NA	8100FL240415	T3
NA	NA	NA	8100FL240366	T3
NA	NA	NA	8100FL240416	T1
